{
    
"framerate": 8,

"images": [
    "spritesheets/enemy.png"
],

"frames": [
    [1, 1, 300, 50, 0, 0, 0],
    [303, 1, 130, 260, 0, 0, 0],
    [435, 1, 300, 260, 0, 0, 0],
    [737, 1, 130, 260, 0, 0, 0],
    [869, 1, 300, 260, 0, 0, 0],
    [1171, 1, 300, 260, 0, 0, 0],
    [1473, 1, 300, 260, 0, 0, 0],
    [1, 263, 300, 260, 0, 0, 0],
    [303, 263, 130, 260, 0, 0, 0],
    [435, 263, 130, 260, 0, 0, 0],
    [567, 263, 130, 260, 0, 0, 0],
    [699, 263, 300, 260, 0, 0, 0],
    [1001, 263, 130, 260, 0, 0, 0],
    [1133, 263, 130, 260, 0, 0, 0],
    [1265, 263, 130, 260, 0, 0, 0],
    [1397, 263, 130, 260, 0, 0, 0],
    [1529, 263, 130, 260, 0, 0, 0]
],

"animations": {
    "enemysightfield": { "frames": [0] },
    "right": { "frames": [9, 10, 12, 13, 15, 16, 14, 8, 1, 3] },
    "spotted": { "frames": [2, 4, 7, 5, 6, 11] },
    "stand": { "frames": [11] }
}

}
