{
    
"framerate":9,

"images": [
    "spritesheets/hero-2.png"
],

"frames": [
    [1, 1, 95, 195, 0, 0, 0],
    [98, 1, 95, 195, 0, 0, 0],
    [195, 1, 95, 195, 0, 0, 0],
    [292, 1, 95, 195, 0, 0, 0],
    [389, 1, 95, 195, 0, 0, 0],
    [486, 1, 95, 195, 0, 0, 0],
    [583, 1, 95, 195, 0, 0, 0],
    [680, 1, 95, 195, 0, 0, 0],
    [777, 1, 95, 195, 0, 0, 0],
    [874, 1, 95, 195, 0, 0, 0],
    [1, 198, 95, 195, 0, 0, 0],
    [98, 198, 95, 195, 0, 0, 0],
    [195, 198, 95, 195, 0, 0, 0],
    [292, 198, 95, 195, 0, 0, 0],
    [389, 198, 95, 195, 0, 0, 0],
    [486, 198, 95, 195, 0, 0, 0],
    [583, 198, 95, 197, 0, 0, 0],
    [680, 198, 95, 197, 0, 0, 0],
    [777, 198, 95, 197, 0, 0, 0],
    [874, 198, 95, 197, 0, 0, 0],
    [1, 397, 95, 197, 0, 0, 0],
    [98, 397, 95, 197, 0, 0, 0],
    [195, 397, 95, 197, 0, 0, 0],
    [292, 397, 95, 197, 0, 0, 0],
    [389, 397, 95, 197, 0, 0, 0],
    [486, 397, 95, 197, 0, 0, 0],
    [583, 397, 95, 197, 0, 0, 0],
    [680, 397, 95, 197, 0, 0, 0],
    [777, 397, 95, 197, 0, 0, 0],
    [874, 397, 95, 197, 0, 0, 0],
    [1, 596, 95, 197, 0, 0, 0],
    [98, 596, 95, 197, 0, 0, 0],
    [195, 596, 95, 197, 0, 0, 0],
    [292, 596, 95, 197, 0, 0, 0],
    [389, 596, 95, 197, 0, 0, 0],
    [486, 596, 95, 197, 0, 0, 0],
    [583, 596, 95, 197, 0, 0, 0],
    [680, 596, 95, 197, 0, 0, 0],
    [777, 596, 95, 197, 0, 0, 0],
    [874, 596, 95, 197, 0, 0, 0],
    [1, 795, 95, 197, 0, 0, 0],
    [98, 795, 95, 197, 0, 0, 0],
    [195, 795, 95, 197, 0, 0, 0],
    [292, 795, 95, 197, 0, 0, 0],
    [389, 795, 95, 197, 0, 0, 0],
    [486, 795, 95, 197, 0, 0, 0],
    [583, 795, 95, 197, 0, 0, 0],
    [680, 795, 95, 197, 0, 0, 0],
    [777, 795, 95, 197, 0, 0, 0],
    [874, 795, 95, 197, 0, 0, 0],
    [1, 994, 130, 195, 0, 0, 0],
    [133, 994, 130, 195, 0, 0, 0],
    [265, 994, 130, 195, 0, 0, 0],
    [397, 994, 130, 195, 0, 0, 0],
    [529, 994, 130, 195, 0, 0, 0],
    [661, 994, 130, 195, 0, 0, 0]
],

"animations": {
    "jumpleft": { "frames": [12, 14, 15, 13, 0, 2, 10, 3] },
    "jumpright": { "frames": [1, 4, 6, 11, 8, 9, 7, 5] },
    "right": { "frames": [19, 23, 22, 20, 24, 16, 17, 21, 26, 32, 34, 31, 30, 27, 29, 28] },
    "left": { "frames": [40, 42, 43, 37, 36, 38, 35, 48, 49, 47, 45, 46, 44, 39, 33, 18] },
    "standleft": { "frames": [25] },
    "standright": { "frames": [41] },
    "duckleft": { "frames": [53, 50, 51] },
    "duckright": { "frames": [55, 52, 54] },
    "standduckleft": { "frames": [51] },
    "standduckright": { "frames": [54] }
}

}
