{

"framerate": 9,

"images": [
    "spritesheets/hero-1.png"
],

"frames": [
    [1, 1, 130, 195, 0, 0, 0],
    [133, 1, 130, 195, 0, 0, 0],
    [265, 1, 130, 195, 0, 0, 0],
    [397, 1, 130, 195, 0, 0, 0],
    [529, 1, 130, 195, 0, 0, 0],
    [661, 1, 130, 195, 0, 0, 0],
    [793, 1, 95, 195, 0, 0, 0],
    [890, 1, 95, 195, 0, 0, 0],
    [1, 198, 95, 195, 0, 0, 0],
    [98, 198, 95, 195, 0, 0, 0],
    [195, 198, 95, 195, 0, 0, 0],
    [292, 198, 95, 195, 0, 0, 0],
    [389, 198, 95, 195, 0, 0, 0],
    [486, 198, 95, 195, 0, 0, 0],
    [583, 198, 95, 195, 0, 0, 0],
    [680, 198, 95, 195, 0, 0, 0],
    [777, 198, 95, 195, 0, 0, 0],
    [874, 198, 95, 195, 0, 0, 0],
    [1, 395, 95, 195, 0, 0, 0],
    [98, 395, 95, 195, 0, 0, 0],
    [195, 395, 95, 195, 0, 0, 0],
    [292, 395, 95, 195, 0, 0, 0],
    [389, 395, 95, 197, 0, 0, 0],
    [486, 395, 95, 197, 0, 0, 0],
    [583, 395, 95, 197, 0, 0, 0],
    [680, 395, 95, 197, 0, 0, 0],
    [777, 395, 95, 197, 0, 0, 0],
    [874, 395, 95, 197, 0, 0, 0],
    [1, 594, 95, 197, 0, 0, 0],
    [98, 594, 95, 197, 0, 0, 0],
    [195, 594, 95, 197, 0, 0, 0],
    [292, 594, 95, 197, 0, 0, 0],
    [389, 594, 95, 197, 0, 0, 0],
    [486, 594, 95, 197, 0, 0, 0],
    [583, 594, 95, 197, 0, 0, 0],
    [680, 594, 95, 197, 0, 0, 0],
    [777, 594, 95, 197, 0, 0, 0],
    [874, 594, 95, 197, 0, 0, 0],
    [1, 793, 95, 197, 0, 0, 0],
    [98, 793, 95, 197, 0, 0, 0],
    [195, 793, 95, 197, 0, 0, 0],
    [292, 793, 95, 197, 0, 0, 0],
    [389, 793, 95, 197, 0, 0, 0],
    [486, 793, 95, 197, 0, 0, 0],
    [583, 793, 95, 197, 0, 0, 0],
    [680, 793, 95, 197, 0, 0, 0],
    [777, 793, 95, 197, 0, 0, 0],
    [874, 793, 95, 197, 0, 0, 0],
    [1, 992, 95, 197, 0, 0, 0],
    [98, 992, 95, 197, 0, 0, 0],
    [195, 992, 95, 197, 0, 0, 0],
    [292, 992, 95, 197, 0, 0, 0],
    [389, 992, 95, 197, 0, 0, 0],
    [486, 992, 95, 197, 0, 0, 0],
    [583, 992, 95, 197, 0, 0, 0],
    [680, 992, 95, 197, 0, 0, 0],
    [777, 992, 95, 197, 0, 0, 0],
    [874, 992, 95, 197, 0, 0, 0]
],

"animations": {
    "duckleft": { "frames": [0, 1, 2] },
    "duckright": { "frames": [3, 4, 5] },
    "jumpleft": { "frames": [6, 7, 8, 9, 10, 11, 12, 13] },
    "jumpright": { "frames": [14, 15, 16, 17, 18, 19, 20, 21] },
    "left": { "frames": [22, 23, 24, 25, 26, 27, 28, 29, 30, 31, 32, 33, 34, 35, 36, 37, 38] },
    "right": { "frames": [39, 40, 41, 42, 43, 44, 45, 46, 47, 48, 49, 50, 51, 52, 53, 54, 55] },
    "standleft": { "frames": [56] },
    "standright": { "frames": [57] },
    "standduckleft": { "frames": [2] },
    "standduckright": { "frames": [5] }
}

}
