{
    
"framerate": 8,

"images": [
    "spritesheets/tiles-0.png"
],

"frames": [
    [1, 1, 355, 8, 0, 0, 0],
    [358, 1, 89, 13, 0, 0, 0],
    [1, 16, 89, 13, 0, 0, 0],
    [92, 16, 90, 21, 0, 0, 0],
    [184, 16, 90, 21, 0, 0, 0],
    [276, 16, 90, 21, 0, 0, 0],
    [368, 16, 96, 22, 0, 0, 0],
    [1, 40, 126, 35, 0, 0, 0],
    [129, 40, 126, 35, 0, 0, 0],
    [257, 40, 126, 35, 0, 0, 0],
    [1, 77, 126, 35, 0, 0, 0],
    [129, 77, 80, 55, 0, 0, 0],
    [211, 77, 19, 57, 0, 0, 0],
    [232, 77, 140, 70, 0, 0, 0],
    [1, 149, 242, 81, 0, 0, 0],
    [245, 149, 95, 105, 0, 0, 0],
    [1, 256, 424, 114, 0, 0, 0],
    [1, 372, 138, 260, 0, 0, 0],
    [141, 372, 355, 327, 0, 0, 0]
],

"animations": {
    "parasol-step-invis": { "frames": [0] },
    "wave": { "frames": [1, 2] },
    "waves": { "frames": [4, 4, 4, 4, 4, 3, 3, 3, 3, 3, 3, 3, 5, 5, 5, 5, 5, 3, 3, 3, 3, 4, 4, 4] },
    "guard-step": { "frames": [6] },
    "win": { "frames": [8, 7, 9, 10, 9, 7, 8] },
    "ground-sand": { "frames": [11] },
    "bottlewater": { "frames": [12] },
    "tree-stump": { "frames": [13] },
    "sky2": { "frames": [14] },
    "guard-seat-back": { "frames": [15] },
    "sky1": { "frames": [16] },
    "guard-seat-dummy": { "frames": [17] },
    "parasol-dummy": { "frames": [18] }
}

}
