{
"framerate": 8,

"images": [
    "spritesheets/tiles-2.png"
],

"frames": [
    [1, 1, 167, 16, 0, 0, 0],
    [170, 1, 238, 48, 0, 0, 0],
    [410, 1, 80, 55, 0, 0, 0],
    [492, 1, 19, 57, 0, 0, 0],
    [513, 1, 69, 75, 0, 0, 0],
    [584, 1, 69, 75, 0, 0, 0],
    [655, 1, 69, 75, 0, 0, 0],
    [726, 1, 69, 75, 0, 0, 0],
    [797, 1, 242, 81, 0, 0, 0],
    [1041, 1, 130, 131, 0, 0, 0],
    [1173, 1, 494, 138, 0, 0, 0],
    [1, 141, 500, 673, 0, 0, 0],
    [503, 141, 500, 673, 0, 0, 0],
    [1005, 141, 289, 682, 0, 0, 0]
],

"animations": {
    "windowpave": { "frames": [0] },
    "elevatorplat": { "frames": [1] },
    "concretefloor": { "frames": [2] },
    "bottlewater": { "frames": [3] },
    "win": { "frames": [6, 4, 5, 7, 5, 4, 6] },
    "clouds2": { "frames": [8] },
    "box": { "frames": [9] },
    "clouds1": { "frames": [10] },
    "wallwindow": { "frames": [11] },
    "wall": { "frames": [12] },
    "elevatorshaft": { "frames": [13] }
}
    

}
