{
"framerate": 9,

"images": [
    "spritesheets/tiles-3.png"
],

"frames": [
    [1, 1, 114, 16, 0, 0, 0],
    [117, 1, 240, 32, 0, 0, 0],
    [359, 1, 110, 54, 0, 0, 0],
    [471, 1, 80, 55, 0, 0, 0],
    [553, 1, 133, 56, 0, 0, 0],
    [688, 1, 133, 56, 0, 0, 0],
    [823, 1, 19, 57, 0, 0, 0],
    [1, 60, 168, 62, 0, 0, 0],
    [171, 60, 370, 63, 0, 0, 0],
    [543, 60, 130, 131, 0, 0, 0],
    [675, 60, 111, 163, 0, 0, 0],
    [788, 60, 114, 179, 0, 0, 0],
    [904, 60, 42, 244, 0, 0, 0],
    [1, 306, 394, 281, 0, 0, 0],
    [397, 306, 267, 337, 0, 0, 0],
    [666, 306, 267, 337, 0, 0, 0],
    [1, 645, 267, 337, 0, 0, 0],
    [270, 645, 267, 337, 0, 0, 0],
    [539, 645, 267, 337, 0, 0, 0],
    [808, 645, 21, 620, 0, 0, 0],
    [831, 645, 137, 656, 0, 0, 0]
],

"animations": {
    "windowpave": { "frames": [0] },
    "pipeplatform": { "frames": [1] },
    "rattrap": { "frames": [2] },
    "dirtground": { "frames": [3] },
    "sign2": { "frames": [4] },
    "sign3": { "frames": [5] },
    "bottlewater": { "frames": [6] },
    "sign1": { "frames": [7] },
    "tilehide": { "frames": [8] },
    "box": { "frames": [9] },
    "can": { "frames": [10] },
    "window": { "frames": [11] },
    "doorwin-invisi": { "frames": [12] },
    "doorhide": { "frames": [13] },
    "win": { "frames": [16, 18, 15, 14, 17, 14, 15, 18, 16] },
    "pipe": { "frames": [19] },
    "lightcone": { "frames": [20] }
}

}
