{
    
"framerate":8,

"images": [
    "spritesheets/tiles-1.png"
],

"frames": [
    [1, 1, 239, 15, 0, 0, 0],
    [242, 1, 111, 41, 0, 0, 0],
    [355, 1, 111, 41, 0, 0, 0],
    [468, 1, 111, 41, 0, 0, 0],
    [581, 1, 111, 41, 0, 0, 0],
    [694, 1, 233, 43, 0, 0, 0],
    [929, 1, 181, 53, 0, 0, 0],
    [1112, 1, 80, 55, 0, 0, 0],
    [1194, 1, 19, 57, 0, 0, 0],
    [1215, 1, 424, 114, 0, 0, 0],
    [1, 117, 78, 116, 0, 0, 0],
    [81, 117, 413, 120, 0, 0, 0],
    [496, 117, 424, 141, 0, 0, 0],
    [1, 260, 1099, 165, 0, 0, 0],
    [1, 427, 1247, 171, 0, 0, 0],
    [1250, 427, 437, 180, 0, 0, 0],
    [1, 609, 121, 349, 0, 0, 0],
    [124, 609, 1339, 624, 0, 0, 0]
],

"animations": {
    "stilladsplatform": { "frames": [0] },
    "win": { "frames": [2, 1, 3, 4, 3, 1, 2] },
    "palle": { "frames": [5] },
    "cartop-invisi": { "frames": [6] },
    "asfaltroad": { "frames": [7] },
    "bottlewater": { "frames": [8] },
    "cloud2": { "frames": [9] },
    "metalcan": { "frames": [10] },
    "carbottom-invisi": { "frames": [11] },
    "cloud1": { "frames": [12] },
    "cars": { "frames": [13] },
    "cars2": { "frames": [14] },
    "car": { "frames": [15] },
    "psign": { "frames": [16] },
    "pipes": { "frames": [17] }
}

}
